CHEVROLET	ASTRO	1996
CHEVROLET	ASTRO	1998
CHEVROLET	AVALANCHE	2010
CHEVROLET	AVALANCHE	2011
CHEVROLET	AVEO	2010
CHEVROLET	AVEO	2024
CHEVROLET	AVEO5	2011
CHEVROLET	BEL AIR	1980
CHEVROLET	BEL AIR	1980
CHEVROLET	BEL AIR	1980
CHEVROLET	BEL AIR	1980
CHEVROLET	BEL AIR	1981
CHEVROLET	BEL AIR	1981
CHEVROLET	BEL AIR	1981
CHEVROLET	BEL AIR	1981
CHEVROLET	BEL AIR	1981
CHEVROLET	BERETTA	1996
CHEVROLET	BERETTA	1996
CHEVROLET	BLAZER	1996
CHEVROLET	BLAZER	1997
CHEVROLET	BLAZER	1998
CHEVROLET	BLAZER	2023
CHEVROLET	BLAZER	2023
CHEVROLET	BLAZER	2024
CHEVROLET	BLAZER	2024
CHEVROLET	BRIGHTDROP	2023
CHEVROLET	BRIGHTDROP	2024
CHEVROLET	BUS	1980
CHEVROLET	BUS	1980
CHEVROLET	BUS	1980
CHEVROLET	BUS	1981
CHEVROLET	BUS	1981
CHEVROLET	BUS	1981
CHEVROLET	BUS	1981
CHEVROLET	BUS	1981
CHEVROLET	BUS	1982
CHEVROLET	BUS	1982
CHEVROLET	BUS	1982
CHEVROLET	BUS	1982
CHEVROLET	BUS	1983
CHEVROLET	BUS	1983
CHEVROLET	BUS	1983
CHEVROLET	BUS	1983
CHEVROLET	BUS	1996
CHEVROLET	BUS	1996
CHEVROLET	BUS	1997
CHEVROLET	BUS	1997
CHEVROLET	BUS	1997
CHEVROLET	BUS	1998
CHEVROLET	BUS	1998
CHEVROLET	BUS	1998
CHEVROLET	C10 PICKUP	1980
CHEVROLET	C10 PICKUP	1982
CHEVROLET	C10 PICKUP	1982
CHEVROLET	C10 PICKUP	1982
CHEVROLET	C10 PICKUP	1982
CHEVROLET	C10 PICKUP	1983
CHEVROLET	C10 PICKUP	1983
CHEVROLET	C10 PICKUP	1983
CHEVROLET	C10 PICKUP	1983
CHEVROLET	C10 SUBURBAN	1980
CHEVROLET	C10 SUBURBAN	1980
CHEVROLET	C10 SUBURBAN	1980
CHEVROLET	C10 SUBURBAN	1980
CHEVROLET	C10 SUBURBAN	1980
CHEVROLET	C10 SUBURBAN	1981
CHEVROLET	C10 SUBURBAN	1981
CHEVROLET	C10 SUBURBAN	1981
CHEVROLET	C10 SUBURBAN	1982
CHEVROLET	C10 SUBURBAN	1982
CHEVROLET	C10 SUBURBAN	1982
CHEVROLET	C10 SUBURBAN	1983
CHEVROLET	C10 SUBURBAN	1983
CHEVROLET	C10 SUBURBAN	1983
CHEVROLET	C1500 PICKUP	1996
CHEVROLET	C1500 PICKUP	1996
CHEVROLET	C1500 PICKUP	1996
CHEVROLET	C1500 PICKUP	1996
CHEVROLET	C1500 PICKUP	1996
CHEVROLET	C1500 PICKUP	1997
CHEVROLET	C1500 PICKUP	1997
CHEVROLET	C1500 PICKUP	1997
CHEVROLET	C1500 PICKUP	1997
CHEVROLET	C1500 PICKUP	1997
CHEVROLET	C1500 PICKUP	1998
CHEVROLET	C1500 PICKUP	1998
CHEVROLET	C1500 PICKUP	1998
CHEVROLET	C1500 SUBURBAN	1996
CHEVROLET	C1500 SUBURBAN	1996
CHEVROLET	C1500 SUBURBAN	1997
CHEVROLET	C1500 SUBURBAN	1998
CHEVROLET	C1500 SUBURBAN	1998
CHEVROLET	C20 PICKUP	1980
CHEVROLET	C20 PICKUP	1980
CHEVROLET	C20 PICKUP	1982
CHEVROLET	C20 PICKUP	1982
CHEVROLET	C20 PICKUP	1982
CHEVROLET	C20 PICKUP	1982
CHEVROLET	C20 PICKUP	1982
CHEVROLET	C20 PICKUP	1983
CHEVROLET	C20 PICKUP	1983
CHEVROLET	C20 SUBURBAN	1980
CHEVROLET	C20 SUBURBAN	1980
CHEVROLET	C20 SUBURBAN	1980
CHEVROLET	C20 SUBURBAN	1980
CHEVROLET	C20 SUBURBAN	1981
CHEVROLET	C20 SUBURBAN	1981
CHEVROLET	C20 SUBURBAN	1981
CHEVROLET	C20 SUBURBAN	1981
CHEVROLET	C20 SUBURBAN	1982
CHEVROLET	C20 SUBURBAN	1982
CHEVROLET	C20 SUBURBAN	1982
CHEVROLET	C20 SUBURBAN	1982
CHEVROLET	C20 SUBURBAN	1982
CHEVROLET	C20 SUBURBAN	1983
CHEVROLET	C20 SUBURBAN	1983
CHEVROLET	C20 SUBURBAN	1983
CHEVROLET	C20 SUBURBAN	1983
CHEVROLET	C20 SUBURBAN	1983
CHEVROLET	C2500 PICKUP	1996
CHEVROLET	C2500 PICKUP	1996
CHEVROLET	C2500 PICKUP	1996
CHEVROLET	C2500 PICKUP	1996
CHEVROLET	C2500 PICKUP	1997
CHEVROLET	C2500 PICKUP	1997
CHEVROLET	C2500 PICKUP	1997
CHEVROLET	C2500 PICKUP	1997
CHEVROLET	C2500 SUBURBAN	1996
CHEVROLET	C2500 SUBURBAN	1996
CHEVROLET	C2500 SUBURBAN	1997
CHEVROLET	C2500 SUBURBAN	1997
CHEVROLET	C2500 SUBURBAN	1997
CHEVROLET	C2500 SUBURBAN	1998
CHEVROLET	C2500 SUBURBAN	1998
CHEVROLET	C30 PICKUP	1980
CHEVROLET	C30 PICKUP	1980
CHEVROLET	C30 PICKUP	1980
CHEVROLET	C30 PICKUP	1980
CHEVROLET	C30 PICKUP	1981
CHEVROLET	C30 PICKUP	1981
CHEVROLET	C30 PICKUP	1982
CHEVROLET	C30 PICKUP	1982
CHEVROLET	C30 PICKUP	1982
CHEVROLET	C30 PICKUP	1982
CHEVROLET	C30 PICKUP	1983
CHEVROLET	C30 PICKUP	1983
CHEVROLET	C30 PICKUP	1983
CHEVROLET	C35	1983
CHEVROLET	C3500 PICKUP	1996
CHEVROLET	C3500 PICKUP	1996
CHEVROLET	C3500 PICKUP	1996
CHEVROLET	C3500 PICKUP	1997
CHEVROLET	C3500 PICKUP	1997
CHEVROLET	C3500 PICKUP	1997
CHEVROLET	C3500 PICKUP	1998
CHEVROLET	C3500 PICKUP	1998
CHEVROLET	C3500 PICKUP	1998
CHEVROLET	CAMARO	1980
CHEVROLET	CAMARO	1980
CHEVROLET	CAMARO	1980
CHEVROLET	CAMARO	1980
CHEVROLET	CAMARO	1980
CHEVROLET	CAMARO	1980
CHEVROLET	CAMARO	1981
CHEVROLET	CAMARO	1981
CHEVROLET	CAMARO	1982
CHEVROLET	CAMARO	1982
CHEVROLET	CAMARO	1982
CHEVROLET	CAMARO	1983
CHEVROLET	CAMARO	1983
CHEVROLET	CAMARO	1983
CHEVROLET	CAMARO	1996
CHEVROLET	CAMARO	1996
CHEVROLET	CAMARO	1998
CHEVROLET	CAMARO	2011
CHEVROLET	CAMARO	2011
CHEVROLET	CAMARO	2012
CHEVROLET	CAMARO	2012
CHEVROLET	CAMARO	2023
CHEVROLET	CAMARO	2023
CHEVROLET	CAMARO	2023
CHEVROLET	CAMARO	2023
CHEVROLET	CAPRICE	1980
CHEVROLET	CAPRICE	1980
CHEVROLET	CAPRICE	1980
CHEVROLET	CAPRICE	1980
CHEVROLET	CAPRICE	1981
CHEVROLET	CAPRICE	1981
CHEVROLET	CAPRICE	1981
CHEVROLET	CAPRICE	1982
CHEVROLET	CAPRICE	1982
CHEVROLET	CAPRICE	1982
CHEVROLET	CAPRICE	1982
CHEVROLET	CAPRICE	1982
CHEVROLET	CAPRICE	1983
CHEVROLET	CAPRICE	1983
CHEVROLET	CAPRICE	1983
CHEVROLET	CAPRICE	1983
CHEVROLET	CAPRICE	1983
CHEVROLET	CAPRICE	1996
CHEVROLET	CAPRICE	1996
CHEVROLET	CAPRICE	2011
CHEVROLET	CAPTIVA	2023
CHEVROLET	CAPTIVA	2024
CHEVROLET	CAPTIVA SPORT	2012
CHEVROLET	CARGO VAN	1997
CHEVROLET	CARGO VAN	1998
CHEVROLET	CAVALIER	1982
CHEVROLET	CAVALIER	1983
CHEVROLET	CAVALIER	1996
CHEVROLET	CAVALIER	2024
CHEVROLET	CHEVETTE	1980
CHEVROLET	CHEVETTE	1981
CHEVROLET	CHEVETTE	1982
CHEVROLET	CHEVETTE	1982
CHEVROLET	CHEVETTE	1983
CHEVROLET	CHEVETTE	1983
CHEVROLET	CHEVY	1996
CHEVROLET	CHEVY	1996
CHEVROLET	CHEVY	1997
CHEVROLET	CHEVY	1997
CHEVROLET	CHEVY	1998
CHEVROLET	CHEVY	2011
CHEVROLET	CHEVY	2012
CHEVROLET	CHEYENNE	2012
CHEVROLET	CHEYENNE	2022
CHEVROLET	CHEYENNE	2024
CHEVROLET	CHEYENNE	2024
CHEVROLET	CHEYENNE NUEVA	2022
CHEVROLET	CHEYENNE NUEVA	2022
CHEVROLET	CITATION	1981
CHEVROLET	CITATION	1981
CHEVROLET	CITATION	1982
CHEVROLET	CITATION	1982
CHEVROLET	CITATION	1983
CHEVROLET	CITATION	1983
CHEVROLET	COBALT	2010
CHEVROLET	COLORADO	2010
CHEVROLET	COLORADO	2010
CHEVROLET	COLORADO	2011
CHEVROLET	COLORADO	2011
CHEVROLET	COLORADO	2012
CHEVROLET	COLORADO	2012
CHEVROLET	COLORADO	2022
CHEVROLET	COLORADO	2022
CHEVROLET	CORSICA	1996
CHEVROLET	CORSICA	1996
CHEVROLET	CORVETTE	1980
CHEVROLET	CORVETTE	1982
CHEVROLET	CORVETTE	1996
CHEVROLET	CORVETTE	1997
CHEVROLET	CORVETTE	2010
CHEVROLET	CORVETTE	2012
CHEVROLET	CORVETTE	2024
CHEVROLET	CORVETTE	2024
CHEVROLET	CRUZE	2011
CHEVROLET	CRUZE	2011
CHEVROLET	CRUZE	2012
CHEVROLET	EL CAMINO	1980
CHEVROLET	EL CAMINO	1980
CHEVROLET	EL CAMINO	1983
CHEVROLET	EL CAMINO	1983
CHEVROLET	EL CAMINO	1983
CHEVROLET	EL CAMINO	1983
CHEVROLET	EL CAMINO	1983
CHEVROLET	EQUINOX	2011
CHEVROLET	EQUINOX	2011
CHEVROLET	EQUINOX	2012
CHEVROLET	EQUINOX	2023
CHEVROLET	EQUINOX	2024
CHEVROLET	EQUINOX	2024
CHEVROLET	EXPRESS 1500	1996
CHEVROLET	EXPRESS 1500	1996
CHEVROLET	EXPRESS 1500	1996
CHEVROLET	EXPRESS 1500	1997
CHEVROLET	EXPRESS 1500	1997
CHEVROLET	EXPRESS 1500	1998
CHEVROLET	EXPRESS 1500	1998
CHEVROLET	EXPRESS 1500	1998
CHEVROLET	EXPRESS 1500	2011
CHEVROLET	EXPRESS 1500	2012
CHEVROLET	EXPRESS 1500	2012
CHEVROLET	EXPRESS 2500	1996
CHEVROLET	EXPRESS 2500	1996
CHEVROLET	EXPRESS 2500	1996
CHEVROLET	EXPRESS 2500	1996
CHEVROLET	EXPRESS 2500	1998
CHEVROLET	EXPRESS 2500	1998
CHEVROLET	EXPRESS 2500	2023
CHEVROLET	EXPRESS 2500	2023
CHEVROLET	EXPRESS 2500	2024
CHEVROLET	EXPRESS 2500	2024
CHEVROLET	EXPRESS 3500	1996
CHEVROLET	EXPRESS 3500	1996
CHEVROLET	EXPRESS 3500	1998
CHEVROLET	EXPRESS 3500	1998
CHEVROLET	EXPRESS 3500	2024
CHEVROLET	EXPRESS 3500	2024
CHEVROLET	EXPRESS 4500	2024
CHEVROLET	EXPRESS CARGO	2023
CHEVROLET	EXPRESS CARGO	2024
CHEVROLET	EXPRESS PASAJEROS	2023
CHEVROLET	EXPRESS PASAJEROS	2024
CHEVROLET	G10	1980
CHEVROLET	G10	1980
CHEVROLET	G10	1980
CHEVROLET	G10	1981
CHEVROLET	G10	1981
CHEVROLET	G10	1981
CHEVROLET	G10	1982
CHEVROLET	G10	1983
CHEVROLET	G10	1983
CHEVROLET	G10	1983
CHEVROLET	G10	1997
CHEVROLET	G20	1980
CHEVROLET	G20	1980
CHEVROLET	G20	1981
CHEVROLET	G20	1981
CHEVROLET	G20	1981
CHEVROLET	G20	1982
CHEVROLET	G20	1983
CHEVROLET	G20	1996
CHEVROLET	G20	1996
CHEVROLET	G20	1996
CHEVROLET	G20	1997
CHEVROLET	G20	1997
CHEVROLET	G20	1997
CHEVROLET	G20	1997
CHEVROLET	G30	1980
CHEVROLET	G30	1981
CHEVROLET	G30	1981
CHEVROLET	G30	1982
CHEVROLET	G30	1982
CHEVROLET	G30	1983
CHEVROLET	G30	1983
CHEVROLET	G30	1983
CHEVROLET	G30	1996
CHEVROLET	G30	1996
CHEVROLET	G30	1996
CHEVROLET	G30	1996
CHEVROLET	G30	1996
CHEVROLET	G30	1997
CHEVROLET	GROOVE	2024
CHEVROLET	HHR	2011
CHEVROLET	HHR	2011
CHEVROLET	IMPALA	1980
CHEVROLET	IMPALA	1980
CHEVROLET	IMPALA	1980
CHEVROLET	IMPALA	1980
CHEVROLET	IMPALA	1980
CHEVROLET	IMPALA	1981
CHEVROLET	IMPALA	1981
CHEVROLET	IMPALA	1981
CHEVROLET	IMPALA	1982
CHEVROLET	IMPALA	1982
CHEVROLET	IMPALA	1982
CHEVROLET	IMPALA	1982
CHEVROLET	IMPALA	1982
CHEVROLET	IMPALA	1982
CHEVROLET	IMPALA	1983
CHEVROLET	IMPALA	1983
CHEVROLET	IMPALA	1983
CHEVROLET	IMPALA	1983
CHEVROLET	IMPALA	1983
CHEVROLET	IMPALA	1996
CHEVROLET	IMPALA	2011
CHEVROLET	K10 PICKUP	1980
CHEVROLET	K10 PICKUP	1980
CHEVROLET	K10 PICKUP	1980
CHEVROLET	K10 PICKUP	1980
CHEVROLET	K10 PICKUP	1981
CHEVROLET	K10 PICKUP	1981
CHEVROLET	K10 PICKUP	1982
CHEVROLET	K10 PICKUP	1982
CHEVROLET	K10 PICKUP	1982
CHEVROLET	K10 PICKUP	1983
CHEVROLET	K10 PICKUP	1983
CHEVROLET	K10 PICKUP	1983
CHEVROLET	K10 PICKUP	1983
CHEVROLET	K10 SUBURBAN	1980
CHEVROLET	K10 SUBURBAN	1980
CHEVROLET	K10 SUBURBAN	1980
CHEVROLET	K10 SUBURBAN	1981
CHEVROLET	K10 SUBURBAN	1983
CHEVROLET	K10 SUBURBAN	1983
CHEVROLET	K10 SUBURBAN	1983
CHEVROLET	K1500 PICKUP	1996
CHEVROLET	K1500 PICKUP	1996
CHEVROLET	K1500 PICKUP	1996
CHEVROLET	K1500 PICKUP	1996
CHEVROLET	K1500 PICKUP	1997
CHEVROLET	K1500 PICKUP	1997
CHEVROLET	K1500 PICKUP	1997
CHEVROLET	K1500 PICKUP	1997
CHEVROLET	K1500 PICKUP	1998
CHEVROLET	K1500 PICKUP	1998
CHEVROLET	K1500 SUBURBAN	1996
CHEVROLET	K1500 SUBURBAN	1996
CHEVROLET	K1500 SUBURBAN	1997
CHEVROLET	K1500 SUBURBAN	1997
CHEVROLET	K20 PICKUP	1980
CHEVROLET	K20 PICKUP	1980
CHEVROLET	K20 PICKUP	1980
CHEVROLET	K20 PICKUP	1980
CHEVROLET	K20 PICKUP	1980
CHEVROLET	K20 PICKUP	1981
CHEVROLET	K20 PICKUP	1981
CHEVROLET	K20 PICKUP	1982
CHEVROLET	K20 PICKUP	1982
CHEVROLET	K20 SUBURBAN	1981
CHEVROLET	K20 SUBURBAN	1982
CHEVROLET	K20 SUBURBAN	1982
CHEVROLET	K20 SUBURBAN	1982
CHEVROLET	K20 SUBURBAN	1983
CHEVROLET	K20 SUBURBAN	1983
CHEVROLET	K20 SUBURBAN	1983
CHEVROLET	K2500 PICKUP	1997
CHEVROLET	K2500 PICKUP	1997
CHEVROLET	K2500 PICKUP	1997
CHEVROLET	K2500 PICKUP	1998
CHEVROLET	K2500 PICKUP	1998
CHEVROLET	K2500 SUBURBAN	1998
CHEVROLET	K2500 SUBURBAN	1998
CHEVROLET	K2500 SUBURBAN	1998
CHEVROLET	K30 PICKUP	1980
CHEVROLET	K30 PICKUP	1980
CHEVROLET	K30 PICKUP	1980
CHEVROLET	K30 PICKUP	1981
CHEVROLET	K30 PICKUP	1981
CHEVROLET	K30 PICKUP	1981
CHEVROLET	K30 PICKUP	1982
CHEVROLET	K30 PICKUP	1982
CHEVROLET	K30 PICKUP	1983
CHEVROLET	K30 PICKUP	1983
CHEVROLET	K30 PICKUP	1983
CHEVROLET	K3500 PICKUP	1996
CHEVROLET	K3500 PICKUP	1996
CHEVROLET	K5 BLAZER	1982
CHEVROLET	K5 BLAZER	1982
CHEVROLET	K5 BLAZER	1982
CHEVROLET	K5 BLAZER	1983
CHEVROLET	K5 BLAZER	1983
CHEVROLET	KODIAK	1996
CHEVROLET	LCF	2023
CHEVROLET	LCF	2023
CHEVROLET	LCF	2024
CHEVROLET	LCF	2024
CHEVROLET	LCF	2024
CHEVROLET	LUMINA	1999
CHEVROLET	LUMINA	1999
CHEVROLET	LUV	1980
CHEVROLET	LUV	1982
CHEVROLET	LUV	1982
CHEVROLET	LUV	1999
CHEVROLET	MALIBU	1982
CHEVROLET	MALIBU	1982
CHEVROLET	MALIBU	1982
CHEVROLET	MALIBU	1982
CHEVROLET	MALIBU	1982
CHEVROLET	MALIBU	1982
CHEVROLET	MALIBU	1983
CHEVROLET	MALIBU	1983
CHEVROLET	MALIBU	1983
CHEVROLET	MALIBU	1983
CHEVROLET	MALIBU	1999
CHEVROLET	MALIBU	2010
CHEVROLET	MALIBU	2011
CHEVROLET	MALIBU	2024
CHEVROLET	MEDIUM DUTY TRUCK	1982
CHEVROLET	MEDIUM DUTY TRUCK	1982
CHEVROLET	MEDIUM DUTY TRUCK	1982
CHEVROLET	MEDIUM DUTY TRUCK	1982
CHEVROLET	MEDIUM DUTY TRUCK	1982
CHEVROLET	MEDIUM DUTY TRUCK	1982
CHEVROLET	MEDIUM DUTY TRUCK	1982
CHEVROLET	MEDIUM DUTY TRUCK	1982
CHEVROLET	MEDIUM DUTY TRUCK	1982
CHEVROLET	MEDIUM DUTY TRUCK	1982
CHEVROLET	MEDIUM DUTY TRUCK	1983
CHEVROLET	MEDIUM DUTY TRUCK	1983
CHEVROLET	MEDIUM DUTY TRUCK	1983
CHEVROLET	MEDIUM DUTY TRUCK	1983
CHEVROLET	MEDIUM DUTY TRUCK	1983
CHEVROLET	MEDIUM DUTY TRUCK	1983
CHEVROLET	MEDIUM DUTY TRUCK	1983
CHEVROLET	MONTANA	2024
CHEVROLET	MONTE CARLO	1982
CHEVROLET	MONTE CARLO	1982
CHEVROLET	MONTE CARLO	1983
CHEVROLET	MONTE CARLO	1983
CHEVROLET	MONTE CARLO	1983
CHEVROLET	MONTE CARLO	1983
CHEVROLET	MONTE CARLO	1999
CHEVROLET	P20	1983
CHEVROLET	P20	1983
CHEVROLET	S10 MAX	2023
CHEVROLET	S10 MAX	2023
CHEVROLET	S10 MAX	2024
CHEVROLET	S10 MAX	2024
CHEVROLET	S10 PICKUP	1999
CHEVROLET	S10 PICKUP	1999
CHEVROLET	SILVERADO 1500	2011
CHEVROLET	SILVERADO 1500	2011
CHEVROLET	SILVERADO 5500 HD	2024
FORD	A SERIES TRUCK	1996
FORD	A SERIES TRUCK	1996
FORD	A SERIES TRUCK	1996
FORD	A SERIES TRUCK	1996
FORD	A SERIES TRUCK	1996
FORD	A SERIES TRUCK	1998
FORD	A SERIES TRUCK	1998
FORD	A SERIES TRUCK	1998
FORD	A SERIES TRUCK	1998
FORD	A SERIES TRUCK	1998
FORD	A SERIES TRUCK	1998
FORD	A SERIES TRUCK	1998
FORD	AEROSTAR	1995
FORD	AEROSTAR	1995
FORD	ASPIRE	1995
FORD	ASPIRE	1996
FORD	B SERIES BUS	1981
FORD	B SERIES BUS	1981
FORD	B SERIES BUS	1981
FORD	B SERIES BUS	1981
FORD	B SERIES BUS	1983
FORD	B SERIES BUS	1983
FORD	B SERIES BUS	1983
FORD	B SERIES BUS	1983
FORD	B SERIES BUS	1983
FORD	B SERIES BUS	1984
FORD	B SERIES BUS	1984
FORD	B SERIES BUS	1984
FORD	B SERIES BUS	1984
FORD	B SERIES BUS	1984
FORD	B SERIES BUS	1995
FORD	B SERIES BUS	1998
FORD	B-100	1980
FORD	BRONCO	1980
FORD	BRONCO	1980
FORD	BRONCO	1980
FORD	BRONCO	1981
FORD	BRONCO	1981
FORD	BRONCO	1981
FORD	BRONCO	1983
FORD	BRONCO	1983
FORD	BRONCO	1983
FORD	BRONCO	1984
FORD	BRONCO	1984
FORD	BRONCO	1984
FORD	BRONCO	1995
FORD	C SERIES TRUCK	1980
FORD	C SERIES TRUCK	1980
FORD	C SERIES TRUCK	1980
FORD	C SERIES TRUCK	1980
FORD	C SERIES TRUCK	1980
FORD	C SERIES TRUCK	1980
FORD	C SERIES TRUCK	1982
FORD	C SERIES TRUCK	1982
FORD	C SERIES TRUCK	1982
FORD	C SERIES TRUCK	1982
FORD	C SERIES TRUCK	1982
FORD	C SERIES TRUCK	1982
FORD	C SERIES TRUCK	1982
FORD	C SERIES TRUCK	1982
FORD	C SERIES TRUCK	1982
FORD	C SERIES TRUCK	1982
FORD	C SERIES TRUCK	1983
FORD	C SERIES TRUCK	1983
FORD	C SERIES TRUCK	1983
FORD	C SERIES TRUCK	1983
FORD	C SERIES TRUCK	1983
FORD	C SERIES TRUCK	1983
FORD	C SERIES TRUCK	1983
FORD	C SERIES TRUCK	1983
FORD	C SERIES TRUCK	1983
FORD	C SERIES TRUCK	1996
FORD	C SERIES TRUCK	1996
FORD	C-MAX	2016
FORD	C-MAX	2017
FORD	C-MAX	2018
FORD	CLUB WAGON	1995
FORD	CLUB WAGON	1995
FORD	CLUB WAGON	1996
FORD	CLUB WAGON	1998
FORD	CONTOUR	1995
FORD	CONTOUR	1996
FORD	CONTOUR	1996
FORD	CONTOUR	1998
FORD	CONTOUR	1998
FORD	COURIER	1980
FORD	COURIER	1980
FORD	COURIER	1981
FORD	COURIER	1981
FORD	COURIER	1982
FORD	COURIER	1982
FORD	COURIER	2003
FORD	COURIER	2004
FORD	COURIER	2005
FORD	COURIER	2006
FORD	COURIER	2010
FORD	COURIER	2011
FORD	COURIER	2012
FORD	CROWN VICTORIA	1995
FORD	CROWN VICTORIA	1996
FORD	CROWN VICTORIA	1998
FORD	CROWN VICTORIA	1999
FORD	CROWN VICTORIA	2003
FORD	CROWN VICTORIA	2005
FORD	CROWN VICTORIA	2006
FORD	E-100	1980
FORD	E-100	1980
FORD	E-100	1980
FORD	E-100	1980
FORD	E-100	1981
FORD	E-100	1981
FORD	E-100	1981
FORD	E-100	1982
FORD	E-100	1982
FORD	E-100	1982
FORD	E-100	1983
FORD	E-100	1983
FORD	E-100	1983
FORD	E-150	1981
FORD	E-150	1981
FORD	E-150	1981
FORD	E-150	1982
FORD	E-150	1982
FORD	E-150	1982
FORD	E-150	1983
FORD	E-150	1983
FORD	E-150	1983
FORD	E-150	1984
FORD	E-150	1984
FORD	E-150	1996
FORD	E-150	1996
FORD	E-150	1996
FORD	E-150	1998
FORD	E-150	1998
FORD	E-150	1998
FORD	E-150	1999
FORD	E-150	1999
FORD	E-150	1999
FORD	E-150	2003
FORD	E-150	2003
FORD	E-150	2003
FORD	E-150	2004
FORD	E-150	2004
FORD	E-150	2005
FORD	E-150	2005
FORD	E-150	2006
FORD	E-150	2010
FORD	E-150	2011
FORD	E-150	2011
FORD	E-150	2012
FORD	E-250	1980
FORD	E-250	1980
FORD	E-250	1980
FORD	E-250	1981
FORD	E-250	1981
FORD	E-250	1981
FORD	E-250	1981
FORD	E-250	1982
FORD	E-250	1982
FORD	E-250	1982
FORD	E-250	1982
FORD	E-250	1982
FORD	E-250	1983
FORD	E-250	1983
FORD	E-250	1983
FORD	E-250	1983
FORD	E-250	1984
FORD	E-250	1984
FORD	E-250	1984
FORD	E-250	1984
FORD	E-250	1984
FORD	E-250	1995
FORD	E-250	1995
FORD	E-250	1995
FORD	E-250	1996
FORD	E-250	1996
FORD	E-250	1999
FORD	E-250	1999
FORD	E-250	2004
FORD	E-250	2006
FORD	E-250	2006
FORD	E-250	2010
FORD	E-250	2010
FORD	E-250	2012
FORD	E-250	2012
FORD	E-350	1980
FORD	E-350	1980
FORD	E-350	1980
FORD	E-350	1980
FORD	E-350	1981
FORD	E-350	1981
FORD	E-350	1981
FORD	E-350	1981
FORD	E-350	1981
FORD	E-350	1982
FORD	E-350	1982
FORD	E-350	1982
FORD	E-350	1982
FORD	E-350	1982
FORD	E-350	1982
FORD	E-350	1983
FORD	E-350	1983
FORD	E-350	1983
FORD	E-350	1983
FORD	E-350	1996
FORD	E-350	1996
FORD	E-350	1996
FORD	E-350	1996
FORD	E-350	1999
FORD	E-350	1999
FORD	E-350	2003
FORD	E-350	2003
FORD	E-350	2003
FORD	E-350	2004
FORD	E-350	2004
FORD	E-350	2004
FORD	E-350	2005
FORD	E-350	2005
FORD	E-350	2005
FORD	E-350	2006
FORD	E-350	2006
FORD	E-350	2006
FORD	E-350	2010
FORD	E-350	2016
FORD	E-350	2017
FORD	E-350	2018
FORD	E-350	2019
FORD	E-350	2019
FORD	E-450	2003
FORD	E-450	2003
FORD	E-450	2004
FORD	E-450	2004
FORD	E-450	2004
FORD	E-450	2006
FORD	E-450	2006
FORD	E-450	2010
FORD	E-450	2010
FORD	E-450	2010
FORD	E-450	2011
FORD	E-450	2011
FORD	E-450	2012
FORD	E-450	2013
FORD	E-450	2013
FORD	E-450	2016
FORD	E-450	2017
FORD	E-450	2018
FORD	E-450	2019
FORD	E-450	2019
FORD	E-550	2003
FORD	E-550	2003
FORD	ECONOLINE	1999
FORD	ECONOLINE	2005
FORD	ECONOLINE	2005
FORD	ECONOLINE	2010
FORD	ECONOLINE	2010
FORD	ECONOLINE	2010
FORD	ECONOLINE	2010
FORD	ECONOLINE	2011
FORD	ECONOLINE	2011
FORD	ECONOLINE	2012
FORD	ECONOLINE SUPER DUTY	1996
FORD	ECONOLINE SUPER DUTY	1996
FORD	ECONOLINE SUPER DUTY	1996
FORD	ECONOLINE SUPER DUTY	1998
FORD	ECONOLINE SUPER DUTY	1999
FORD	ECONOLINE SUPER DUTY	1999
FORD	ECOSPORT	2004
FORD	ECOSPORT	2005
FORD	ECOSPORT	2011
FORD	ECOSPORT	2012
FORD	ECOSPORT	2016
FORD	ECOSPORT	2017
FORD	ECOSPORT	2018
FORD	ECOSPORT	2018
FORD	ECOSPORT	2018
FORD	ECOSPORT	2019
FORD	ECOSPORT	2019
FORD	EDGE	2010
FORD	EDGE	2011
FORD	EDGE	2011
FORD	EDGE	2012
FORD	EDGE	2012
FORD	EDGE	2012
FORD	EDGE	2013
FORD	EDGE	2013
FORD	EDGE	2013
FORD	EDGE	2016
FORD	EDGE	2016
FORD	EDGE	2017
FORD	EDGE	2017
FORD	EDGE	2017
FORD	EDGE	2018
FORD	EDGE	2018
FORD	ESCAPE	2003
FORD	ESCAPE	2003
FORD	ESCAPE	2004
FORD	ESCAPE	2004
FORD	ESCAPE	2006
FORD	ESCAPE	2006
FORD	ESCAPE	2006
FORD	ESCAPE	2010
FORD	ESCAPE	2010
FORD	ESCAPE	2010
FORD	ESCAPE	2012
FORD	ESCAPE	2013
FORD	ESCAPE	2013
FORD	ESCAPE	2013
FORD	ESCAPE	2016
FORD	ESCAPE	2017
FORD	ESCAPE	2017
FORD	ESCAPE	2017
FORD	ESCAPE	2018
FORD	ESCAPE	2018
FORD	ESCAPE	2018
FORD	ESCORT	1981
FORD	ESCORT	1984
FORD	ESCORT	1984
FORD	ESCORT	1984
FORD	ESCORT	1995
FORD	ESCORT	1995
FORD	ESCORT	1996
FORD	ESCORT	1996
FORD	ESCORT	1998
FORD	ESCORT	1998
FORD	ESCORT	2003
FORD	EXCURSION	2003
FORD	EXCURSION	2003
FORD	EXCURSION	2003
FORD	EXCURSION	2003
FORD	EXP	1982
FORD	EXP	1983
FORD	EXP	1984
FORD	EXPEDITION	1999
FORD	EXPEDITION	1999
FORD	EXPEDITION	2000
FORD	EXPEDITION	2003
FORD	EXPEDITION	2003
FORD	EXPEDITION	2004
FORD	EXPEDITION	2004
FORD	EXPEDITION	2006
FORD	EXPEDITION	2012
FORD	EXPEDITION	2018
FORD	EXPEDITION	2019
FORD	EXPLORER	1995
FORD	EXPLORER	1998
FORD	EXPLORER	1998
FORD	EXPLORER	1999
FORD	EXPLORER	1999
FORD	EXPLORER	2003
FORD	EXPLORER	2003
FORD	EXPLORER	2004
FORD	EXPLORER	2004
FORD	EXPLORER	2006
FORD	EXPLORER	2013
FORD	EXPLORER	2013
FORD	EXPLORER	2016
FORD	EXPLORER	2017
FORD	EXPLORER	2017
FORD	EXPLORER	2017
FORD	EXPLORER	2018
FORD	EXPLORER	2018
FORD	EXPLORER	2018
FORD	EXPLORER	2019
FORD	EXPLORER SPORT	2003
FORD	EXPLORER SPORT TRAC	2003
FORD	EXPLORER SPORT TRAC	2004
FORD	EXPLORER SPORT TRAC	2010
FORD	F SUPER DUTY	1995
FORD	F SUPER DUTY	1996
FORD	F SUPER DUTY	1996
FORD	F-100	1981
FORD	F-100	1981
FORD	F-100	1981
FORD	F-100	1982
FORD	F-100	1982
FORD	F-100	1982
FORD	F-100	1982
FORD	F-100	1983
FORD	F-100	1983
FORD	F-100	1983
FORD	F-100	1998
FORD	F-100	1998
FORD	F-100	2000
FORD	F-100	2000
FORD	F-150	1980
FORD	F-150	1980
FORD	F-150	1980
FORD	F-150	1980
FORD	F-150	1981
FORD	F-150	1981
FORD	F-150	1982
FORD	F-150	1982
FORD	F-150	1982
FORD	F-150	1983
FORD	F-150	1983
FORD	F-150	1983
FORD	F-150	1984
FORD	F-150	1984
FORD	F-150	1984
FORD	F-150	1995
FORD	F-150	1995
FORD	F-150	1996
FORD	F-150	1996
FORD	F-150	1996
FORD	F-150	1998
FORD	F-150	1998
FORD	F-150	1998
FORD	F-150	2003
FORD	F-150	2004
FORD	F-150	2004
FORD	F-150	2006
FORD	F-150	2006
FORD	F-150	2010
FORD	F-150	2010
FORD	F-150	2010
FORD	F-150	2010
FORD	F-150	2011
FORD	F-150	2011
FORD	F-150	2011
FORD	F-150	2011
FORD	F-150	2013
FORD	F-150	2013
FORD	F-150	2016
FORD	F-150	2016
FORD	F-150	2017
FORD	F-150	2017
FORD	F-150	2017
FORD	F-150	2017
FORD	F-150	2018
FORD	F-150	2018
FORD	F-150	2018
FORD	F-150	2018
FORD	F-150	2018
FORD	F-150	2019
FORD	F-150	2019
FORD	F-150	2019
FORD	F-150 HERITAGE	2004
FORD	F-150 HERITAGE	2004
FORD	F-250	1980
FORD	F-250	1980
FORD	F-250	1980
FORD	F-250	1981
FORD	F-250	1982
FORD	F-250	1982
FORD	F-250	1982
FORD	F-250	1983
FORD	F-250	1983
FORD	F-250	1983
FORD	F-250	1983
FORD	F-250	1995
FORD	F-250	1995
FORD	F-250	1995
FORD	F-250	1995
FORD	F-250	1995
FORD	F-250	1996
FORD	F-250	1996
FORD	F-250	1996
FORD	F-250	1998
FORD	F-250	1998
FORD	F-250	1998
FORD	F-250	1998
FORD	F-250	1999
FORD	F-250 SUPER DUTY	1999
FORD	F-250 SUPER DUTY	2000
FORD	F-250 SUPER DUTY	2000
FORD	F-250 SUPER DUTY	2000
FORD	F-250 SUPER DUTY	2000
FORD	F-250 SUPER DUTY	2004
FORD	F-250 SUPER DUTY	2004
FORD	F-250 SUPER DUTY	2004
FORD	F-250 SUPER DUTY	2006
FORD	F-250 SUPER DUTY	2006
FORD	F-250 SUPER DUTY	2006
FORD	F-250 SUPER DUTY	2006
FORD	F-250 SUPER DUTY	2010
FORD	F-250 SUPER DUTY	2011
FORD	F-250 SUPER DUTY	2011
FORD	F-250 SUPER DUTY	2016
FORD	F-250 SUPER DUTY	2017
FORD	F-350	1982
FORD	F-350	1982
FORD	F-350	1982
FORD	F-350	1983
FORD	F-350	1983
FORD	F-350	1983
FORD	F-350	1984
FORD	F-350	1995
FORD	F-350	1996
FORD	F-350	1996
FORD	F-350 SUPER DUTY	1999
FORD	F-350 SUPER DUTY	2000
FORD	F-350 SUPER DUTY	2003
FORD	F-350 SUPER DUTY	2003
FORD	F-350 SUPER DUTY	2003
FORD	F-350 SUPER DUTY	2004
FORD	F-350 SUPER DUTY	2004
FORD	F-350 SUPER DUTY	2006
FORD	F-350 SUPER DUTY	2006
FORD	F-350 SUPER DUTY	2011
FORD	F-350 SUPER DUTY	2011
FORD	F-350 SUPER DUTY	2013
FORD	F-350 SUPER DUTY	2013
FORD	F-350 SUPER DUTY	2016
FORD	F-350 SUPER DUTY	2016
FORD	F-350 SUPER DUTY	2017
FORD	F-350 SUPER DUTY	2017
FORD	F-450 SUPER DUTY	1999
FORD	F-450 SUPER DUTY	2000
FORD	F-450 SUPER DUTY	2003
FORD	F-450 SUPER DUTY	2003
FORD	F-450 SUPER DUTY	2003
FORD	F-450 SUPER DUTY	2004
FORD	F-450 SUPER DUTY	2004
FORD	F-450 SUPER DUTY	2011
FORD	F-450 SUPER DUTY	2011
FORD	F-450 SUPER DUTY	2016
FORD	F-450 SUPER DUTY	2016
FORD	F-450 SUPER DUTY	2017
FORD	F-450 SUPER DUTY	2018
FORD	F-450 SUPER DUTY	2019
FORD	F-450 SUPER DUTY	2019
FORD	F-550 SUPER DUTY	2004
FORD	F-550 SUPER DUTY	2004
FORD	F-550 SUPER DUTY	2016
FORD	F-550 SUPER DUTY	2017
FORD	F-550 SUPER DUTY	2017
FORD	F-550 SUPER DUTY	2018
FORD	F-550 SUPER DUTY	2019
FORD	F-600	1982
FORD	F-650	2000
FORD	F-650	2004
FORD	F-650	2004
FORD	F-650	2004
FORD	F-650	2011
FORD	F-650	2017
FORD	F-650	2017
FORD	F-650	2018
FORD	F-650	2019
FORD	F-650	2019
FORD	F-700	1980
FORD	F-700	1982
FORD	F-700	1982
FORD	F-700	1982
FORD	F-700	1982
FORD	F-700	1983
FORD	F-700	1983
FORD	F-700	1983
FORD	F-700	1983
FORD	F-700	1983
FORD	F-700	1995
FORD	F-700	1995
FORD	F-700	1998
FORD	F-750	2000
FORD	F-750	2000
FORD	F-750	2004
FORD	F-750	2011
FORD	F-750	2016
FORD	F-750	2016
FORD	F-750	2018
FORD	F-750	2018
FORD	F-750	2019
FORD	F-800	1980
FORD	F-800	1983
FORD	F-800	1983
FORD	F-800	1984
FORD	F-800	1984
FORD	F-800	1984
FORD	F-800	1996
FORD	F-800	1996
FORD	F53	1995
FORD	F53	2000
FORD	F53	2016
FORD	F53	2017
FORD	F53	2018
FORD	F59	1996
FORD	F59	2016
FORD	F59	2017
FORD	F59	2019
FORD	FIESTA	1998
FORD	FIESTA	2000
FORD	FIESTA	2004
FORD	FIESTA	2016
FORD	FIESTA	2016
FORD	FIESTA	2016
FORD	FIESTA	2017
FORD	FIESTA	2017
FORD	FIESTA	2018
FORD	FIESTA	2019
FORD	FIESTA	2019
FORD	FIGO	2016
FORD	FIGO	2017
FORD	FIGO	2018
FORD	FIGO	2019
FORD	FLEX	2016
FORD	FLEX	2016
FORD	FLEX	2017
FORD	FLEX	2018
FORD	FLEX	2018
FORD	FLEX	2019
FORD	FOCUS	2000
FORD	FOCUS	2004
FORD	FOCUS	2004
FORD	FOCUS	2016
FORD	FOCUS	2016
FORD	FOCUS	2016
FORD	FOCUS	2016
FORD	FOCUS	2017
FORD	FOCUS	2018
FORD	FOCUS	2018
FORD	FOCUS	2018
FORD	FOCUS	2018
FORD	FOCUS	2018
FORD	FUSION	2018
FORD	GRAND MARQUIS	1996
FORD	GRAND MARQUIS	1998
FORD	GRAND MARQUIS	2000
FORD	GT	2017
FORD	KA	2004
FORD	L SERIES TRUCK	1983
FORD	L SERIES TRUCK	1983
FORD	L SERIES TRUCK	1983
FORD	L SERIES TRUCK	1983
FORD	L SERIES TRUCK	1983
FORD	L SERIES TRUCK	1983
FORD	L SERIES TRUCK	1983
FORD	L SERIES TRUCK	1983
FORD	L SERIES TRUCK	1983
FORD	L SERIES TRUCK	1983
FORD	L SERIES TRUCK	1983
FORD	L SERIES TRUCK	1983
FORD	L SERIES TRUCK	1984
FORD	L SERIES TRUCK	1984
FORD	L SERIES TRUCK	1995
FORD	L SERIES TRUCK	1996
FORD	L SERIES TRUCK	1996
FORD	L SERIES TRUCK	1996
FORD	L SERIES TRUCK	1996
FORD	L SERIES TRUCK	1996
FORD	L SERIES TRUCK	1996
FORD	L SERIES TRUCK	1996
FORD	L SERIES TRUCK	1996
FORD	L SERIES TRUCK	1996
FORD	L SERIES TRUCK	1996
FORD	L SERIES TRUCK	1998
FORD	L SERIES TRUCK	1998
FORD	L SERIES TRUCK	1998
FORD	L SERIES TRUCK	1998
FORD	LOBO	1998
FORD	LOBO	2017
FORD	LOBO	2017
FORD	LOBO	2019
FORD	LTD	1983
FORD	LTD	1984
FORD	LTD	1984
FORD	LTD	1984
FORD	LTD CROWN VICTORIA	1983
FORD	LTD CROWN VICTORIA	1984
FORD	LTD CROWN VICTORIA	1984
FORD	MONDEO	2004
FORD	MUSTANG	1983
FORD	MUSTANG	1983
FORD	MUSTANG	1996
FORD	MUSTANG	1996
FORD	MUSTANG	1998
FORD	MUSTANG	2017
FORD	MUSTANG	2017
FORD	MUSTANG	2017
FORD	MUSTANG	2019
FORD	MUSTANG	2019
FORD	MYSTIQUE	1998
FORD	POLICE SEDAN	2017
FORD	PROBE	1996
FORD	PROBE	1996
FORD	RANGER	1984
FORD	RANGER	1984
FORD	RANGER	1984
FORD	RANGER	1984
FORD	RANGER	1996
FORD	RANGER	1996
FORD	RANGER	1996
FORD	RANGER	1998
FORD	RANGER	1998
FORD	RANGER	1998
FORD	RANGER	2000
FORD	SABLE	1995
FORD	TAURUS	1998
FORD	TAURUS	1998
FORD	THUNDERBIRD	1982
FORD	THUNDERBIRD	1983
FORD	THUNDERBIRD	1983
FORD	TRANSIT 250	2019
FORD	WINDSTAR	1996
FORD	WINDSTAR	1998
INTERNATIONAL	1010	1971
INTERNATIONAL	1010	1971
INTERNATIONAL	1010	1971
INTERNATIONAL	1724	1979
INTERNATIONAL	1724	1979
INTERNATIONAL	1924	1979
INTERNATIONAL	1925	1979
INTERNATIONAL	2574	1979
INTERNATIONAL	2574	1979
INTERNATIONAL	AB120	1962
INTERNATIONAL	AB120	1962
INTERNATIONAL	C102	1962
INTERNATIONAL	CO190	1970
INTERNATIONAL	CO190	1970
INTERNATIONAL	CO190	1970
INTERNATIONAL	CO200	1970
INTERNATIONAL	CO200	1970
INTERNATIONAL	CO200	1970
INTERNATIONAL	M1100	1971
INTERNATIONAL	M1100	1971
INTERNATIONAL	M1100	1971
INTERNATIONAL	M1100	1972
INTERNATIONAL	M1200	1971
INTERNATIONAL	M1200	1971
INTERNATIONAL	M1200	1971
INTERNATIONAL	M800 POST OFFICE	1971
INTERNATIONAL	M800 POST OFFICE	1971
INTERNATIONAL	M800 POST OFFICE	1971
INTERNATIONAL	M800 POST OFFICE	1972
ISUZU	PICKUP	1991
ISUZU	PICKUP	1991
ISUZU	TROOPER	1988
JEEP	J-3500	1969
MAZDA	2	2014
MAZDA	XEDOS 9	1996
MERCURY	BOBCAT	1976
MERCURY	BOBCAT	1976
MERCURY	CALIENTE	1964
MERCURY	CALIENTE	1964
MERCURY	CALIENTE	1964
MERCURY	CALIENTE	1967
MERCURY	CALIENTE	1967
MERCURY	CAPRI	1994
MERCURY	CAPRI	1994
MERCURY	COLONY PARK	1971
MERCURY	COLONY PARK	1971
MERCURY	COMET	1971
MERCURY	COMET	1971
MERCURY	COMET	1971
MERCURY	COMET	1977
MERCURY	COMET	1977
MERCURY	COMET	1977
MERCURY	COMMUTER	1960
MERCURY	COMMUTER	1967
MERCURY	COMMUTER	1967
MERCURY	COMMUTER	1967
MERCURY	COMMUTER	1967
MERCURY	COMMUTER	1968
MERCURY	COMMUTER	1968
MERCURY	COUGAR	1968
MERCURY	COUGAR	1968
MERCURY	COUGAR	1968
MERCURY	COUGAR	1968
MERCURY	COUGAR	1968
MERCURY	COUGAR	1999
MERCURY	COUNTRY CRUISER	1963
MERCURY	CYCLONE	1970
MERCURY	CYCLONE	1971
MERCURY	CYCLONE	1971
MERCURY	GRAND MARQUIS	1977
MERCURY	GRAND MARQUIS	1979
MERCURY	GRAND MARQUIS	1979
MERCURY	GRAND MARQUIS	1992
MERCURY	LYNX	1983
MERCURY	MARAUDER	1963
MERCURY	MARAUDER	1968
MERCURY	MARAUDER	1968
MERCURY	MARQUIS	1967
MERCURY	MARQUIS	1967
MERCURY	MARQUIS	1967
MERCURY	MARQUIS	1970
MERCURY	MARQUIS	1971
MERCURY	MONARCH	1976
MERCURY	MONARCH	1976
MERCURY	MONARCH	1976
MERCURY	MONARCH	1977
MERCURY	MONARCH	1977
MERCURY	MONARCH	1977
MERCURY	MONARCH	1977
MERCURY	MONTCLAIR	1964
MERCURY	MONTCLAIR	1968
MERCURY	MONTCLAIR	1968
MERCURY	MONTEGO	1968
MERCURY	MONTEGO	1968
MERCURY	MONTEGO	1971
MERCURY	MONTEGO	1971
MERCURY	MONTEGO	1971
MERCURY	MONTEGO	1976
MERCURY	MONTEREY	1960
MERCURY	MONTEREY	1960
MERCURY	MONTEREY	1967
MERCURY	MONTEREY	1968
MERCURY	MOUNTAINEER	1998
MERCURY	PARK LANE	1960
MERCURY	PARK LANE	1964
MERCURY	PARK LANE	1964
MERCURY	TOPAZ	1986
MERCURY	VILLAGER	1967
MERCURY	VILLAGER	1967
MERCURY	VILLAGER	1967
MERCURY	VOYAGER	1959
MERCURY	VOYAGER	1959
MERCURY	ZEPHYR	1978
MERCURY	ZEPHYR	1978
OLDSMOBILE	442	1967
OLDSMOBILE	442	1968
OLDSMOBILE	442	1968
OLDSMOBILE	442	1968
OLDSMOBILE	442	1969
OLDSMOBILE	442	1969
OLDSMOBILE	442	1970
OLDSMOBILE	442	1970
OLDSMOBILE	442	1971
OLDSMOBILE	442	1971
OLDSMOBILE	88	1992
OLDSMOBILE	88	1993
OLDSMOBILE	88	1994
OLDSMOBILE	88	1998
OLDSMOBILE	98	1966
OLDSMOBILE	98	1967
OLDSMOBILE	98	1968
OLDSMOBILE	98	1969
OLDSMOBILE	98	1971
OLDSMOBILE	98	1972
OLDSMOBILE	98	1972
OLDSMOBILE	98	1973
OLDSMOBILE	98	1973
OLDSMOBILE	98	1974
OLDSMOBILE	98	1974
OLDSMOBILE	98	1975
OLDSMOBILE	98	1975
OLDSMOBILE	98	1975
OLDSMOBILE	98	1976
OLDSMOBILE	98	1978
OLDSMOBILE	98	1978
OLDSMOBILE	98	1978
OLDSMOBILE	98	1979
OLDSMOBILE	98	1979
OLDSMOBILE	98	1979
OLDSMOBILE	98	1982
OLDSMOBILE	98	1982
OLDSMOBILE	98	1984
OLDSMOBILE	98	1984
OLDSMOBILE	98	1985
OLDSMOBILE	98	1985
OLDSMOBILE	98	1985
OLDSMOBILE	98	1987
OLDSMOBILE	98	1988
OLDSMOBILE	98	1989
OLDSMOBILE	98	1991
OLDSMOBILE	98	1993
OLDSMOBILE	98	1993
OLDSMOBILE	ACHIEVA	1993
OLDSMOBILE	ACHIEVA	1993
OLDSMOBILE	ACHIEVA	1994
OLDSMOBILE	ALERO	2000
OLDSMOBILE	ALERO	2001
OLDSMOBILE	ALERO	2002
OLDSMOBILE	ALERO	2003
OLDSMOBILE	AURORA	2002
OLDSMOBILE	AURORA	2002
OLDSMOBILE	AURORA	2003
OLDSMOBILE	BRAVADA	1991
OLDSMOBILE	BRAVADA	1993
OLDSMOBILE	BRAVADA	2002
OLDSMOBILE	CALAIS	1985
OLDSMOBILE	CALAIS	1985
OLDSMOBILE	CALAIS	1986
OLDSMOBILE	CALAIS	1987
OLDSMOBILE	CALAIS	1987
OLDSMOBILE	CALAIS	1987
OLDSMOBILE	CUSTOM CRUISER	1970
OLDSMOBILE	CUSTOM CRUISER	1970
OLDSMOBILE	CUSTOM CRUISER	1971
OLDSMOBILE	CUSTOM CRUISER	1971
OLDSMOBILE	CUSTOM CRUISER	1971
OLDSMOBILE	CUSTOM CRUISER	1972
OLDSMOBILE	CUSTOM CRUISER	1972
OLDSMOBILE	CUSTOM CRUISER	1972
OLDSMOBILE	CUSTOM CRUISER	1973
OLDSMOBILE	CUSTOM CRUISER	1973
OLDSMOBILE	CUSTOM CRUISER	1973
OLDSMOBILE	CUSTOM CRUISER	1974
OLDSMOBILE	CUSTOM CRUISER	1974
OLDSMOBILE	CUSTOM CRUISER	1975
OLDSMOBILE	CUSTOM CRUISER	1975
OLDSMOBILE	CUSTOM CRUISER	1976
OLDSMOBILE	CUSTOM CRUISER	1977
OLDSMOBILE	CUSTOM CRUISER	1978
OLDSMOBILE	CUSTOM CRUISER	1978
OLDSMOBILE	CUSTOM CRUISER	1978
OLDSMOBILE	CUSTOM CRUISER	1979
OLDSMOBILE	CUSTOM CRUISER	1979
OLDSMOBILE	CUSTOM CRUISER	1979
OLDSMOBILE	CUSTOM CRUISER	1982
OLDSMOBILE	CUSTOM CRUISER	1985
OLDSMOBILE	CUSTOM CRUISER	1986
OLDSMOBILE	CUSTOM CRUISER	1987
OLDSMOBILE	CUSTOM CRUISER	1991
OLDSMOBILE	CUTLASS	1966
OLDSMOBILE	CUTLASS	1966
OLDSMOBILE	CUTLASS	1967
OLDSMOBILE	CUTLASS	1967
OLDSMOBILE	CUTLASS	1967
OLDSMOBILE	CUTLASS	1969
OLDSMOBILE	CUTLASS	1969
OLDSMOBILE	CUTLASS	1970
OLDSMOBILE	CUTLASS	1970
OLDSMOBILE	CUTLASS	1971
OLDSMOBILE	CUTLASS	1972
OLDSMOBILE	CUTLASS	1972
OLDSMOBILE	CUTLASS	1972
OLDSMOBILE	CUTLASS	1973
OLDSMOBILE	CUTLASS	1974
OLDSMOBILE	CUTLASS	1975
OLDSMOBILE	CUTLASS	1975
OLDSMOBILE	CUTLASS	1975
OLDSMOBILE	CUTLASS	1976
OLDSMOBILE	CUTLASS	1976
OLDSMOBILE	CUTLASS	1977
OLDSMOBILE	CUTLASS	1977
OLDSMOBILE	CUTLASS	1977
OLDSMOBILE	CUTLASS	1978
OLDSMOBILE	CUTLASS	1978
OLDSMOBILE	CUTLASS	1978
OLDSMOBILE	CUTLASS	1979
OLDSMOBILE	CUTLASS	1979
OLDSMOBILE	CUTLASS	1979
OLDSMOBILE	CUTLASS	1979
OLDSMOBILE	CUTLASS	1979
OLDSMOBILE	CUTLASS	1981
OLDSMOBILE	CUTLASS	1981
OLDSMOBILE	CUTLASS CALAIS	1978
OLDSMOBILE	CUTLASS CALAIS	1978
OLDSMOBILE	CUTLASS CALAIS	1978
OLDSMOBILE	CUTLASS CALAIS	1979
OLDSMOBILE	CUTLASS CALAIS	1979
OLDSMOBILE	CUTLASS CALAIS	1979
OLDSMOBILE	CUTLASS CALAIS	1979
OLDSMOBILE	CUTLASS CALAIS	1979
OLDSMOBILE	CUTLASS CALAIS	1984
OLDSMOBILE	CUTLASS CALAIS	1985
OLDSMOBILE	CUTLASS CALAIS	1988
OLDSMOBILE	CUTLASS CALAIS	1990
OLDSMOBILE	CUTLASS CALAIS	1991
OLDSMOBILE	CUTLASS CALAIS	1991
OLDSMOBILE	CUTLASS CALAIS	1991
OLDSMOBILE	CUTLASS CIERA	1984
OLDSMOBILE	CUTLASS CIERA	1985
OLDSMOBILE	CUTLASS CIERA	1985
OLDSMOBILE	CUTLASS CIERA	1985
OLDSMOBILE	CUTLASS CIERA	1985
OLDSMOBILE	CUTLASS CIERA	1985
OLDSMOBILE	CUTLASS CIERA	1986
OLDSMOBILE	CUTLASS CIERA	1986
OLDSMOBILE	CUTLASS CIERA	1987
OLDSMOBILE	CUTLASS CIERA	1987
OLDSMOBILE	CUTLASS CIERA	1987
OLDSMOBILE	CUTLASS CIERA	1988
OLDSMOBILE	CUTLASS CIERA	1988
OLDSMOBILE	CUTLASS CIERA	1988
OLDSMOBILE	CUTLASS CIERA	1991
OLDSMOBILE	CUTLASS CIERA	1993
OLDSMOBILE	CUTLASS CIERA	1993
OLDSMOBILE	CUTLASS CRUISER	1978
OLDSMOBILE	CUTLASS CRUISER	1978
OLDSMOBILE	CUTLASS CRUISER	1979
OLDSMOBILE	CUTLASS CRUISER	1979
OLDSMOBILE	CUTLASS CRUISER	1979
OLDSMOBILE	CUTLASS CRUISER	1979
OLDSMOBILE	CUTLASS CRUISER	1982
OLDSMOBILE	CUTLASS CRUISER	1982
OLDSMOBILE	CUTLASS CRUISER	1982
OLDSMOBILE	CUTLASS CRUISER	1982
OLDSMOBILE	CUTLASS CRUISER	1982
OLDSMOBILE	CUTLASS CRUISER	1987
OLDSMOBILE	CUTLASS CRUISER	1987
OLDSMOBILE	CUTLASS CRUISER	1988
OLDSMOBILE	CUTLASS CRUISER	1991
OLDSMOBILE	CUTLASS CRUISER	1991
OLDSMOBILE	CUTLASS CRUISER	1993
OLDSMOBILE	CUTLASS SALON	1975
OLDSMOBILE	CUTLASS SALON	1975
OLDSMOBILE	CUTLASS SALON	1975
OLDSMOBILE	CUTLASS SALON	1976
OLDSMOBILE	CUTLASS SALON	1978
OLDSMOBILE	CUTLASS SALON	1978
OLDSMOBILE	CUTLASS SALON	1979
OLDSMOBILE	CUTLASS SALON	1979
OLDSMOBILE	CUTLASS SALON	1979
OLDSMOBILE	CUTLASS SALON	1985
OLDSMOBILE	CUTLASS SALON	1985
OLDSMOBILE	CUTLASS SALON	1985
OLDSMOBILE	CUTLASS SALON	1985
OLDSMOBILE	CUTLASS SALON	1986
OLDSMOBILE	CUTLASS SALON	1986
OLDSMOBILE	CUTLASS SALON	1986
OLDSMOBILE	CUTLASS SALON	1987
OLDSMOBILE	CUTLASS SALON	1987
OLDSMOBILE	CUTLASS SUPREME	1969
OLDSMOBILE	CUTLASS SUPREME	1971
OLDSMOBILE	CUTLASS SUPREME	1971
OLDSMOBILE	CUTLASS SUPREME	1971
OLDSMOBILE	CUTLASS SUPREME	1972
OLDSMOBILE	CUTLASS SUPREME	1974
OLDSMOBILE	CUTLASS SUPREME	1974
OLDSMOBILE	CUTLASS SUPREME	1975
OLDSMOBILE	CUTLASS SUPREME	1975
OLDSMOBILE	CUTLASS SUPREME	1975
OLDSMOBILE	CUTLASS SUPREME	1975
OLDSMOBILE	CUTLASS SUPREME	1976
OLDSMOBILE	CUTLASS SUPREME	1976
OLDSMOBILE	CUTLASS SUPREME	1976
OLDSMOBILE	CUTLASS SUPREME	1977
OLDSMOBILE	CUTLASS SUPREME	1977
OLDSMOBILE	CUTLASS SUPREME	1977
OLDSMOBILE	CUTLASS SUPREME	1978
OLDSMOBILE	CUTLASS SUPREME	1978
OLDSMOBILE	CUTLASS SUPREME	1979
OLDSMOBILE	CUTLASS SUPREME	1979
OLDSMOBILE	CUTLASS SUPREME	1979
OLDSMOBILE	CUTLASS SUPREME	1985
OLDSMOBILE	CUTLASS SUPREME	1985
OLDSMOBILE	CUTLASS SUPREME	1985
OLDSMOBILE	CUTLASS SUPREME	1985
OLDSMOBILE	CUTLASS SUPREME	1987
OLDSMOBILE	CUTLASS SUPREME	1987
OLDSMOBILE	CUTLASS SUPREME	1987
OLDSMOBILE	CUTLASS SUPREME	1991
OLDSMOBILE	CUTLASS SUPREME	1991
OLDSMOBILE	CUTLASS SUPREME	1993
OLDSMOBILE	CUTLASS SUPREME	1993
OLDSMOBILE	DELMONT 88	1967
OLDSMOBILE	DELMONT 88	1967
OLDSMOBILE	DELTA 88	1965
OLDSMOBILE	DELTA 88	1966
OLDSMOBILE	DELTA 88	1966
OLDSMOBILE	DELTA 88	1967
OLDSMOBILE	DELTA 88	1967
OLDSMOBILE	DELTA 88	1969
OLDSMOBILE	DELTA 88	1969
OLDSMOBILE	DELTA 88	1970
OLDSMOBILE	DELTA 88	1970
OLDSMOBILE	DELTA 88	1974
OLDSMOBILE	DELTA 88	1974
OLDSMOBILE	DELTA 88	1975
OLDSMOBILE	DELTA 88	1976
OLDSMOBILE	DELTA 88	1976
OLDSMOBILE	DELTA 88	1977
OLDSMOBILE	DELTA 88	1977
OLDSMOBILE	DELTA 88	1977
OLDSMOBILE	DELTA 88	1977
OLDSMOBILE	DELTA 88	1978
OLDSMOBILE	DELTA 88	1978
OLDSMOBILE	DELTA 88	1978
OLDSMOBILE	DELTA 88	1979
OLDSMOBILE	DELTA 88	1979
OLDSMOBILE	DELTA 88	1979
OLDSMOBILE	DELTA 88	1986
OLDSMOBILE	DELTA 88	1986
OLDSMOBILE	DELTA 88	1987
OLDSMOBILE	DELTA 88	1988
OLDSMOBILE	DYNAMIC	1966
OLDSMOBILE	F85	1965
OLDSMOBILE	F85	1966
OLDSMOBILE	F85	1966
OLDSMOBILE	F85	1967
OLDSMOBILE	F85	1969
OLDSMOBILE	F85	1969
OLDSMOBILE	F85	1970
OLDSMOBILE	F85	1970
OLDSMOBILE	F85	1971
OLDSMOBILE	F85	1972
OLDSMOBILE	FIRENZA	1985
OLDSMOBILE	FIRENZA	1985
OLDSMOBILE	FIRENZA	1986
OLDSMOBILE	FIRENZA	1986
OLDSMOBILE	FIRENZA	1986
OLDSMOBILE	FIRENZA	1987
OLDSMOBILE	FIRENZA	1987
OLDSMOBILE	FIRENZA	1987
OLDSMOBILE	FIRENZA	1987
OLDSMOBILE	FIRENZA	1988
OLDSMOBILE	FIRENZA	1988
OLDSMOBILE	FIRENZA	1988
OLDSMOBILE	JETSTAR I	1966
OLDSMOBILE	JETSTAR I	1966
OLDSMOBILE	OMEGA	1974
OLDSMOBILE	OMEGA	1975
OLDSMOBILE	OMEGA	1975
OLDSMOBILE	OMEGA	1976
OLDSMOBILE	OMEGA	1976
OLDSMOBILE	OMEGA	1976
OLDSMOBILE	OMEGA	1977
OLDSMOBILE	OMEGA	1977
OLDSMOBILE	OMEGA	1977
OLDSMOBILE	OMEGA	1978
OLDSMOBILE	OMEGA	1979
OLDSMOBILE	SILHOUETTE	1993
OLDSMOBILE	SILHOUETTE	2001
OLDSMOBILE	SILHOUETTE	2002
OLDSMOBILE	STARFIRE	1966
OLDSMOBILE	STARFIRE	1975
OLDSMOBILE	STARFIRE	1976
OLDSMOBILE	STARFIRE	1976
OLDSMOBILE	STARFIRE	1977
OLDSMOBILE	STARFIRE	1977
OLDSMOBILE	STARFIRE	1978
OLDSMOBILE	STARFIRE	1978
OLDSMOBILE	STARFIRE	1978
OLDSMOBILE	TORONADO	1966
OLDSMOBILE	TORONADO	1968
OLDSMOBILE	TORONADO	1969
OLDSMOBILE	TORONADO	1970
OLDSMOBILE	TORONADO	1975
OLDSMOBILE	TORONADO	1976
OLDSMOBILE	TORONADO	1977
OLDSMOBILE	TORONADO	1978
OLDSMOBILE	TORONADO	1985
OLDSMOBILE	TORONADO	1986
OLDSMOBILE	TORONADO	1987
OLDSMOBILE	TORONADO	1988
OLDSMOBILE	VISTA CRUISER	1968
OLDSMOBILE	VISTA CRUISER	1969
OLDSMOBILE	VISTA CRUISER	1969
OLDSMOBILE	VISTA CRUISER	1970
OLDSMOBILE	VISTA CRUISER	1971
OLDSMOBILE	VISTA CRUISER	1973
OLDSMOBILE	VISTA CRUISER	1973
OLDSMOBILE	VISTA CRUISER	1974
OLDSMOBILE	VISTA CRUISER	1975
OLDSMOBILE	VISTA CRUISER	1975
PLYMOUTH	BARRACUDA	1965
PLYMOUTH	BARRACUDA	1965
PLYMOUTH	BARRACUDA	1965
PLYMOUTH	BARRACUDA	1965
PLYMOUTH	BARRACUDA	1967
PLYMOUTH	BARRACUDA	1967
PLYMOUTH	BARRACUDA	1967
PLYMOUTH	BARRACUDA	1967
PLYMOUTH	BARRACUDA	1968
PLYMOUTH	BARRACUDA	1968
PLYMOUTH	BARRACUDA	1968
PLYMOUTH	BARRACUDA	1968
PLYMOUTH	BARRACUDA	1968
PLYMOUTH	BARRACUDA	1968
PLYMOUTH	BARRACUDA	1969
PLYMOUTH	BARRACUDA	1969
PLYMOUTH	BARRACUDA	1969
PLYMOUTH	BARRACUDA	1969
PLYMOUTH	BARRACUDA	1970
PLYMOUTH	BARRACUDA	1970
PLYMOUTH	BARRACUDA	1970
PLYMOUTH	BARRACUDA	1970
PLYMOUTH	BARRACUDA	1970
PLYMOUTH	BARRACUDA	1970
PLYMOUTH	BARRACUDA	1970
PLYMOUTH	BARRACUDA	1971
PLYMOUTH	BARRACUDA	1971
PLYMOUTH	BARRACUDA	1971
PLYMOUTH	BARRACUDA	1971
PLYMOUTH	BARRACUDA	1971
PLYMOUTH	BARRACUDA	1971
PLYMOUTH	BARRACUDA	1971
PLYMOUTH	BARRACUDA	1971
PLYMOUTH	BARRACUDA	1972
PLYMOUTH	BARRACUDA	1972
PLYMOUTH	BARRACUDA	1972
PLYMOUTH	BARRACUDA	1972
PLYMOUTH	BARRACUDA	1972
PLYMOUTH	BELVEDERE	1958
PLYMOUTH	BELVEDERE	1959
PLYMOUTH	BELVEDERE	1959
PLYMOUTH	BELVEDERE	1959
PLYMOUTH	BELVEDERE	1959
PLYMOUTH	BELVEDERE	1959
PLYMOUTH	BELVEDERE	1964
PLYMOUTH	BELVEDERE	1965
PLYMOUTH	BELVEDERE	1965
PLYMOUTH	BELVEDERE	1965
PLYMOUTH	BELVEDERE	1965
PLYMOUTH	BELVEDERE	1965
PLYMOUTH	BELVEDERE	1965
PLYMOUTH	BELVEDERE	1966
PLYMOUTH	BELVEDERE	1966
PLYMOUTH	BELVEDERE	1966
PLYMOUTH	BELVEDERE	1966
PLYMOUTH	BELVEDERE	1966
PLYMOUTH	BELVEDERE	1966
PLYMOUTH	BELVEDERE	1967
PLYMOUTH	BELVEDERE	1967
PLYMOUTH	BELVEDERE	1967
PLYMOUTH	BELVEDERE	1967
PLYMOUTH	BELVEDERE	1967
PLYMOUTH	BELVEDERE	1968
PLYMOUTH	BELVEDERE	1968
PLYMOUTH	BELVEDERE	1968
PLYMOUTH	BELVEDERE	1968
PLYMOUTH	BELVEDERE	1969
PLYMOUTH	BELVEDERE	1969
PLYMOUTH	BELVEDERE	1969
PLYMOUTH	BELVEDERE	1969
PLYMOUTH	BELVEDERE	1970
PLYMOUTH	BELVEDERE	1970
PLYMOUTH	BELVEDERE	1970
PLYMOUTH	BELVEDERE	1971
PLYMOUTH	BELVEDERE II	1965
PLYMOUTH	BELVEDERE II	1965
PLYMOUTH	BELVEDERE II	1965
PLYMOUTH	BELVEDERE II	1965
PLYMOUTH	BELVEDERE II	1965
PLYMOUTH	BELVEDERE II	1966
PLYMOUTH	BELVEDERE II	1966
PLYMOUTH	BELVEDERE II	1966
PLYMOUTH	BELVEDERE II	1966
PLYMOUTH	BELVEDERE II	1967
PLYMOUTH	BELVEDERE II	1967
PLYMOUTH	BELVEDERE II	1967
PLYMOUTH	BELVEDERE II	1967
PLYMOUTH	CARAVELLE	1980
PLYMOUTH	CARAVELLE	1988
PLYMOUTH	CARAVELLE	1988
PLYMOUTH	CARAVELLE	1988
PLYMOUTH	CARAVELLE	1988
PLYMOUTH	COLT PREMIER	1988
PLYMOUTH	CRICKET	1971
PLYMOUTH	CRICKET	1972
PLYMOUTH	CUDA	1970
PLYMOUTH	CUDA	1970
PLYMOUTH	CUDA	1970
PLYMOUTH	CUDA	1970
PLYMOUTH	CUDA	1970
PLYMOUTH	CUDA	1971
PLYMOUTH	CUDA	1971
PLYMOUTH	CUDA	1971
PLYMOUTH	CUDA	1971
PLYMOUTH	CUDA	1971
PLYMOUTH	CUDA	1971
PLYMOUTH	CUSTOM	1958
PLYMOUTH	CUSTOM	1958
PLYMOUTH	DUSTER	1970
PLYMOUTH	DUSTER	1970
PLYMOUTH	DUSTER	1970
PLYMOUTH	DUSTER	1970
PLYMOUTH	DUSTER	1971
PLYMOUTH	DUSTER	1971
PLYMOUTH	DUSTER	1971
PLYMOUTH	DUSTER	1971
PLYMOUTH	EXPO	1988
PLYMOUTH	FURY	1958
PLYMOUTH	FURY	1958
PLYMOUTH	FURY	1958
PLYMOUTH	FURY	1958
PLYMOUTH	FURY	1958
PLYMOUTH	FURY	1958
PLYMOUTH	FURY	1965
PLYMOUTH	FURY	1965
PLYMOUTH	FURY	1965
PLYMOUTH	FURY	1965
PLYMOUTH	FURY	1965
PLYMOUTH	FURY	1965
PLYMOUTH	FURY	1966
PLYMOUTH	FURY	1966
PLYMOUTH	FURY	1966
PLYMOUTH	FURY	1967
PLYMOUTH	FURY	1967
PLYMOUTH	FURY	1967
PLYMOUTH	FURY	1967
PLYMOUTH	FURY	1968
PLYMOUTH	FURY	1968
PLYMOUTH	FURY	1969
PLYMOUTH	FURY	1969
PLYMOUTH	FURY	1969
PLYMOUTH	FURY	1969
PLYMOUTH	FURY	1970
PLYMOUTH	FURY	1970
PLYMOUTH	FURY	1970
PLYMOUTH	FURY	1970
PLYMOUTH	FURY	1971
PLYMOUTH	FURY	1971
PLYMOUTH	FURY	1971
PLYMOUTH	FURY	1971
PLYMOUTH	FURY	1971
PLYMOUTH	FURY	1972
PLYMOUTH	FURY	1972
PLYMOUTH	FURY	1972
PLYMOUTH	FURY	1972
PLYMOUTH	FURY	1972
PLYMOUTH	FURY	1973
PLYMOUTH	FURY	1973
PLYMOUTH	FURY	1973
PLYMOUTH	FURY	1973
PLYMOUTH	FURY	1973
PLYMOUTH	GRAN FURY	1988
PLYMOUTH	GRAND VOYAGER	1987
PLYMOUTH	GRAND VOYAGER	1988
PLYMOUTH	GRAND VOYAGER	1988
PLYMOUTH	GTX	1967
PLYMOUTH	GTX	1967
PLYMOUTH	GTX	1968
PLYMOUTH	GTX	1968
PLYMOUTH	GTX	1968
PLYMOUTH	GTX	1968
PLYMOUTH	GTX	1969
PLYMOUTH	GTX	1970
PLYMOUTH	GTX	1970
PLYMOUTH	GTX	1971
PLYMOUTH	GTX	1971
PLYMOUTH	GTX	1971
PLYMOUTH	GTX	1971
PLYMOUTH	PB100	1977
PLYMOUTH	PLAZA	1958
PLYMOUTH	PLAZA	1958
PLYMOUTH	PLAZA	1958
PLYMOUTH	PLAZA	1958
PLYMOUTH	PLAZA	1958
PLYMOUTH	RELIANT	1988
PLYMOUTH	RELIANT	1988
PLYMOUTH	ROADRUNNER	1969
PLYMOUTH	ROADRUNNER	1970
PLYMOUTH	ROADRUNNER	1970
PLYMOUTH	ROADRUNNER	1970
PLYMOUTH	ROADRUNNER	1971
PLYMOUTH	ROADRUNNER	1971
PLYMOUTH	ROADRUNNER	1971
PLYMOUTH	ROADRUNNER	1971
PLYMOUTH	ROADRUNNER	1971
PLYMOUTH	ROADRUNNER	1973
PLYMOUTH	ROADRUNNER	1973
PLYMOUTH	ROADRUNNER	1973
PLYMOUTH	ROADRUNNER	1973
PLYMOUTH	SATELLITE	1965
PLYMOUTH	SATELLITE	1965
PLYMOUTH	SATELLITE	1965
PLYMOUTH	SATELLITE	1965
PLYMOUTH	SATELLITE	1965
PLYMOUTH	SATELLITE	1965
PLYMOUTH	SATELLITE	1966
PLYMOUTH	SATELLITE	1966
PLYMOUTH	SATELLITE	1966
PLYMOUTH	SATELLITE	1966
PLYMOUTH	SATELLITE	1966
PLYMOUTH	SATELLITE	1967
PLYMOUTH	SATELLITE	1967
PLYMOUTH	SATELLITE	1967
PLYMOUTH	SATELLITE	1967
PLYMOUTH	SATELLITE	1967
PLYMOUTH	SATELLITE	1968
PLYMOUTH	SATELLITE	1968
PLYMOUTH	SATELLITE	1968
PLYMOUTH	SATELLITE	1969
PLYMOUTH	SATELLITE	1969
PLYMOUTH	SATELLITE	1969
PLYMOUTH	SATELLITE	1970
PLYMOUTH	SATELLITE	1970
PLYMOUTH	SATELLITE	1970
PLYMOUTH	SATELLITE	1970
PLYMOUTH	SATELLITE	1971
PLYMOUTH	SATELLITE	1971
PLYMOUTH	SATELLITE	1971
PLYMOUTH	SATELLITE	1971
PLYMOUTH	SATELLITE	1971
PLYMOUTH	SAVOY	1958
PLYMOUTH	SAVOY	1958
PLYMOUTH	SAVOY	1958
PLYMOUTH	SAVOY	1958
PLYMOUTH	SAVOY	1958
PLYMOUTH	SCAMP	1971
PLYMOUTH	SCAMP	1971
PLYMOUTH	SCAMP	1971
PLYMOUTH	SUBURBAN	1958
PLYMOUTH	SUBURBAN	1958
PLYMOUTH	SUBURBAN	1958
PLYMOUTH	SUNDANCE	1994
PLYMOUTH	SUNDANCE	1994
PLYMOUTH	SUNDANCE	1994
PLYMOUTH	SUPERBIRD	1970
PLYMOUTH	SUPERBIRD	1970
PLYMOUTH	VALIANT	1965
PLYMOUTH	VALIANT	1965
PLYMOUTH	VALIANT	1967
PLYMOUTH	VALIANT	1967
PLYMOUTH	VALIANT	1968
PLYMOUTH	VALIANT	1968
PLYMOUTH	VALIANT	1969
PLYMOUTH	VALIANT	1969
PLYMOUTH	VALIANT	1969
PLYMOUTH	VALIANT	1969
PLYMOUTH	VALIANT	1970
PLYMOUTH	VALIANT	1970
PLYMOUTH	VALIANT	1970
PLYMOUTH	VALIANT	1971
PLYMOUTH	VALIANT	1971
PLYMOUTH	VALIANT	1971
PLYMOUTH	VALIANT	1971
PLYMOUTH	VALIANT	1971
PLYMOUTH	VALIANT	1971
PLYMOUTH	VALIANT	1973
PLYMOUTH	VALIANT	1973
PLYMOUTH	VALIANT	1973
PLYMOUTH	VALIANT	1973
PLYMOUTH	VALIANT	1973
PLYMOUTH	VOYAGER	1988
PLYMOUTH	VOYAGER	1988
SCION	IQ	2014
TOYOTA	AVANZA	2017
TOYOTA	CAMRY	2019
TOYOTA	HIACE	2012
TOYOTA	HIACE	2025
TOYOTA	HILUX	2012
TOYOTA	HILUX	2025
