cardone-603335	504074,1431889,2288
metro-mp996j	11243380,1335080,1000280
depo-33050034121	18048485,1410578,1024
prospec-20254222	18239977,1503823,1896
dash-designs-k376021m	10814228,1503917,1316
dayco-85021	1567002,1008740,5721
vaico-v106197	11274868,1008694,10217
dash-designs-k2123712q	12132925,3441431,1316
gpd-13084	3918066,1505070,2172
fmg-psg1341	18570689,3308903,1684
pioneer-601114	6611360,1273306,5552
dash-designs-22170x	8966688,3068614,1284
dynamic-friction-1551156900	11576065,1505377,1684
beck-arnley-0832860	489645,1418105,1744
tyc-4300311	1375993,1432590,1304
fcs-84582	11519713,3308757,1404
dorman-673882	7489776,1416585,5808
mopar-5123564aa	17965041,1434744,12670
gkn-gknp20014	15845597,1444406,2308
vaico-v302364	11286584,3308903,12743
power-stop-k15049dk	11138893,1060940,13824
r1-concepts-83027024r	14151681,1443503,1896
dash-designs-k301500u	6234183,1314573,1316
techpro-mb1200128	16743625,1193701,1384
various-mfr-mb1249114	1024560,1432266,823
karlyn-bremi-sti-5200	12176117,1504965,7060
centric-50005240	10475316,1098367,1684
continental-k49282	4939383,1358243,11659
r1-concepts-wgth102001	14164717,1351583,13824
acc-19574162	6016197,1132287,1264
elring-635432	15440829,3015540,11247
dea-marmon-ride-control-a7240	3460227,1278312,8616
astemo-hitachi-maf0043	3020025,1428218,5128
fvp-8637	13501885,1001091,7407
power-stop-171818b	13973529,3427945,1684
gpd-1411812	3924903,1505407,6972
dash-designs-k036002t	3353328,1077364,1316
karlyn-bremi-sti-50638	12175837,1433956,1912
gm-genuine-85565556	14079457,3435651,2181
tyc-119044	8318188,1502581,4152
mopar-4606823ab	10640384,1505072,7212
dorman-919044	15755705,1182192,1820
dynamic-friction-60040102	11587049,951343,1896
gm-genuine-19352214	16605481,3458584,21489
centric-12167083	13118521,3444882,1896
dorman-92916	604261,1431008,1288
wells-4b1324	2340068,1447426,5180
r1-concepts-wguh140411	14171261,1424450,13824
ajusa-54249300	11087132,1444675,10424
acme-auto-u184fmvov	6413742,1158757,1001572
itm-engine-components-60340	4802136,1191574,5721
techpro-bm2515102	16901721,1011261,11703
dorman-963157d	16616225,3434167,690
victor-reinz-101010401	11460773,1440538,5436
gm-genuine-85016391	16759321,3455570,1912
beck-arnley-1018285	10564576,1441460,7600
carter-p76399	3153324,1420085,6256
uac-kt5001	9829396,3308895,17507
mcquay-norris-sl374	5849490,1191574,7580
gm-genuine-84852715	14939057,3451949,49222
liland-global-ifnrh3312	9778584,1160851,12946
fel-pro-msb92467	14893781,1504890,5400
ajusa-13172700	11070060,1024658,5400
standard-motor-products-dv168	6586848,1423415,10192
atp-z657	10847236,1374083,5348
walker-products-2421356	14720313,3360980,5108
walker-53265	388926,1415157,10038
nissens-627023	5922363,3342457,2172
top-notch-tn580839geo	16668757,1446340,1896
various-mfr-ch1106225	8009964,3444687,12238
power-stop-17696	4292937,1283880,1684
various-mfr-fo1326114	13123857,3450657,13118
dash-designs-k201010n	9019924,1032095,1316
bilstein-22323286	14902377,3450852,7556
wells-1s13019	6313254,1013331,4624
detroit-iron-dcdf02	417630,1485619,10335
techpro-hy2503285	17479649,3455933,10762
dorman-42619	16765,1188862,8848
eaton-eat19818	3000276,1286906,1001195
techpro-to4050103	17244973,1434102,2088
techpro-fo1320211	16958313,1430720,1304
astemo-hitachi-igc0174	11493709,1504973,7060
vaico-v107800	15208445,3443571,7496
bosch-0986440557	8355760,3145,6013
famous-brand-t39181	16447537,1432093,6788
standard-motor-products-ru601	2414954,1418217,6557
trw-jpa127	13884669,1313753,7368
gm-genuine-42872621	18690737,3454304,11455
victor-reinz-611048200	11474417,1315843,5412
s-a-gear-71009	13657649,2002828,5728
trw-tsg401032	14974305,1423336,1404
strongarm-4778	1778288,1190775,1404
top-notch-1734h781099g	16702833,3442236,13824
sachs-sd598	1976016,1166790,10605
enginetech-mkni30dp	5603895,1211993,5316
uac-co11278z	9793668,1444980,6628
durago-bk7123112	9766696,1504973,13824
dash-designs-k022031o	3321285,1315873,1316
lesj-fors-4208451	11717865,1383308,7512
elring-477530	14952761,3015540,5772
shee-mar-sm2741	16609341,3443153,1156
professional-parts-sweden-51347750	18135969,1447307,1684
walker-products-2351752	11164329,3294353,7192
techpro-fo1170109	16806881,1140567,827
various-mfr-gm1236129	1322676,1502494,813
denso-4770649	5273379,3306149,6708
top-notch-tn675r	18686541,1361562,1688
putco-400501	12516141,1447844,13118
dash-designs-29692a	9534224,1443507,1284
osc-556	3757278,1188457,2172
dash-designs-028313v	9920100,1433813,1284
four-seasons-76911	5407194,1442068,6916
tuff-support-615091	13691349,3443621,1404
bando-4pk1065	4424640,1377783,8900
dash-designs-08250x	9505956,1192564,1284
trw-jar1163	13873005,1374601,7428
dorman-924252	2425796,1352922,16762
mahle-clevite-376714561	4819539,1280797,2172
elring-739620	15441981,1430840,5416
acdelco-14d1498ch	12214297,3454309,1684
brembo-p09004n	10203188,3310379,1684
skf-br155	10949448,1504453,2240
apwi-fd2040	17958797,3308791,7496
techpro-ma1106167	17122405,1506101,12238
s-a-gear-8448	15568681,1505278,13625
ajusa-19008900	17373321,3455749,5836
dash-designs-b103803cl	12342209,1021093,741
ajusa-13143400	8524696,1432958,5400
denso-1433823	12993781,3446285,6192
raybestos-frc11715c	9650164,1432209,1704
techpro-mb1038102	17134797,1387638,1000032
autoline-17266	17874069,3449418,6224
gm-genuine-55567048	12986069,1501879,5722
dynamic-friction-33120002	11730073,1177792,1704
vaico-v301562	11285616,1195613,1430
centric-12040049	1279417,1411153,1896
techpro-fo1002215	16799145,1438415,1340
famous-brand-93795	16427877,3304766,6192
mahle-clevite-cr332000p	4819728,1012576,2172
apex-ams1400	8192716,1373295,5424
denso-2213515	4722690,3294265,2172
bwd-niehoff-63902	15558725,1356151,6224
mevotech-mk90556	1417310,1438264,7624
dash-designs-k342137k	9998136,3001002,1316
edelmann-80796	9725464,1411232,7320
dynamic-friction-1115195301	18662749,3451569,1684
techpro-ma3010148	17132781,1192496,2172
remy-12786	1270451,1446420,2412
dash-designs-10182d	9511636,1268243,1284
various-mfr-pc6174x	10113160,3294283,6832
fel-pro-es71203	916904,1432795,5308
dash-designs-k2450315o	9980728,1435941,1316
wells-1v1040	935043,3443541,4884
mahle-clevite-la758	4626870,1444489,6832
suspensia-x88bu5487	12641677,1432786,7532
motorcraft-yf37293	4601868,3305862,13290
dorman-674234	262064,1243482,5860
trakmotive-gm86007	14907365,3393616,2288
famous-brand-pxd1038h	17444029,1433169,1684
remy-25911	1516882,1433298,4152
reese-towpower-44537	14890249,1433298,1212
dash-designs-288418d	15198960,3451028,1284
fvp-1301210	13344841,1060388,2208
mevotech-cms251262	12635893,3446319,10401
acdelco-17d786mhf1	15027949,3461626,1684
famous-brand-37486	16549901,1373396,7324
acc-20059162	6023070,1433784,1264
tyc-2325	1372605,1364622,2172
uac-kt2092a	10848308,1432274,17507
cardone-821351ar	1130610,1172663,15596
dynamic-friction-35047487	12995109,3296066,1792
topline-opd41	15493529,1503988,5564
timken-710450	2472868,1431768,5608
bse-em5685	322345,1212781,2896
suplex-38118	14701709,1505584,7512
monroe-182921	12730281,1506103,15174
dorman-936394	7615744,1012532,2308
fvp-bc154802	18749161,1239948,1704
wagner-oex1084vk1	15718049,1447839,13824
dash-designs-k2122538o	9975340,3015563,1316
acdelco-18fr12571c	8820960,3294398,1704
dorman-c92839	358464,1430165,1696
dash-designs-k0400536	13802973,1431977,1316
dash-designs-k375340q	12954201,3445877,1316
acc-3279160	6063903,1131602,1264
r1-concepts-63159019r	11612337,1000012,1896
bca-nbnp123221	11699201,1434837,1672
power-stop-171826	7132516,3441261,1684
topline-pbto11	17368441,1278570,5632
various-mfr-vw1240135	1145196,3188,1380
dea-marmon-ride-control-4713676	13617337,1429051,10444
itm-engine-components-62036	4814976,1387458,5748
dayco-71242	961538,1363193,10068
mopar-68438388ah	12432053,3446687,1844
victor-reinz-021050801	11454945,1429747,5416
dynamic-friction-35576183	11775933,3294225,1836
tc-remanufacturing-f58e	4996929,1188019,8668
beck-arnley-1027611	6167325,1444550,10401
autospecialty-ar8597	6441342,1431919,1896
sunsong-3401510	7654088,1261246,7324
stabilus-4b257225	16270457,3434285,1404
bendix-sbm725	7480080,1313613,1684
gpd-2513013	18307609,3450105,5764
autolite-app3922	8761884,1432814,7212
dash-designs-k0610712k	10763424,1372249,1316
dash-designs-28220v	13793281,3450752,1284
four-seasons-tsn1048	5243643,1272417,17507
famous-brand-2700700432	18348653,1315693,10885
wjb-inmotion-parts-wa513201	2924310,1432080,1636
techpro-to2603101	17238629,1505491,11695
aam-40048044	17712701,1505401,13098
techpro-mi3010157	17159081,1208225,2172
dorman-626837	15219285,3307651,6892
power-stop-z232047	8482412,3443762,1684
ap-eastern-54176	1528064,1432514,10038
centric-30012670	3973593,3298432,1684
tyc-12550200	16648789,3449121,803
dash-designs-k340270a	4191501,3298576,1316
moog-k200016	1448428,1425631,7532
mahle-clevite-cb743hndc	12282141,1432535,5212
pure-energy-15559	3379533,1209776,2412
hella-358300231	14260917,1444628,10147
mopar-68307009aa	12622629,3355856,49602
terrepower-9900347	7049060,1191844,7380
dayco-72593	4737147,1502355,10068
skp-skom356	11397445,1503988,5564
liland-global-ist422	9110720,1447012,10321
ultra-power-38673	13089349,1503954,846
moog-rk623021	17340253,1504006,10401
walker-products-900p21166	14087505,1432945,10150
dash-designs-k211026n	9023272,1441320,1316
pioneer-608062	6614604,1191978,5552
depo-2122934rus	13022525,3353907,810
techpro-su2503115	17197665,1430723,10762
raybestos-h18023a	1858006,1441466,1736
various-mfr-ho1201106	13927601,3451114,1384
sunsong-2202297	7641236,1277096,1792
power-stop-koe6568	8747856,1442683,13824
roadmax-4k358ap	8096876,3015370,8900
skf-acp38004	2962833,1012037,10346
gates-22448	236101,1442671,13635
power-stop-cpk910223	18273081,3450460,13824
ina-zc76206	13964433,1432012,5756
gpd-4812856	7684304,3294283,6900
vemo-v38720085	11251192,1433202,1912
power-stop-171892	7575608,3353747,1684
bosch-bsd674a	8651764,1387201,1684
beck-arnley-0362005	4752165,1502738,10710
techpro-mb1068110	17136913,1440464,830
mahle-clevite-jv865	2185442,1188187,5484
monroe-557004	294327,1442162,7556
famous-brand-270065362	13014773,1316963,7580
quality-built-443001125c	15529325,1441270,13824
pioneer-749022	8102536,1010046,8612
pure-energy-10168	6085452,3294225,2412
r1-concepts-63102006l	11601829,1263372,1896
trakmotive-gm86053	16544569,3450501,2288
four-seasons-tsn7963	18133077,3297310,17507
skp-sktoc080	10492472,1443354,2088
various-mfr-to1029100	3072972,1442959,1001190
famous-brand-36177	17709973,1162987,7320
four-seasons-26824	3290931,1446141,13290
fel-pro-tcs46145	4890099,1427228,10063
melling-388s	8305920,3435456,5576
acc-4304230	6069582,1488717,1264
fvp-bc183891	18555465,1440095,1704
dash-designs-29551b	9533712,3437099,1284
pioneer-ca3222	4215666,1139037,1440
stabilus-3b3004ky	12478501,3289662,1404
mahle-clevite-os32314	2653498,1432795,5436
dee-zee-dz95071r	12498321,3450959,14631
wai-global-17133n	6678652,1191114,4152
cardone-82187fr	12591609,1432889,15596
mopar-68002469ab	12617821,1443625,10438
top-notch-tn37871wc	18727497,1356779,1952
ajusa-93036700	11091184,1266410,5260
gm-genuine-86771034	13457697,3443261,11488
fcs-334484l	17297645,3450908,7556
dash-designs-b294303cl	13788413,3449984,741
gm-genuine-84726638	12858569,3458332,1820
dorman-520387	1989250,1432550,10401
techpro-bm1043119	16892317,3435634,689
ultra-power-512387	12282313,1441466,1636
techpro-fo1038109	16940429,1440075,1000032
mopar-6gf64lr5aa	9436580,3439036,1436
acc-18078160	8333780,1434916,47903
mevotech-mes3704	1282383,1432583,7428
dynamic-friction-33131609	11732425,1368323,1704
r1-concepts-wguh172067	14176313,1356746,13824
mopar-6te90tx7af	16596345,3454406,10042
prt-920092	12774497,1430993,15174
dash-designs-232812x	12088557,3451215,1284
top-notch-1432h981010g	16702577,3307706,13824
dorman-43476	585609,1123423,7544
dash-designs-21200d	8962912,1503924,1284
bosch-bs810	7544644,1432086,1688
techpro-ni1070131	16850757,1426597,827
mopar-5zc66dx8aa	10017300,3435933,1001893
techpro-to1225465	17213645,3441455,812
wells-5s12397	3613800,3439036,4748
enginetech-tt91	5578995,1067734,5721
acc-18193180	6010302,1012318,741
usa-standard-gear-usa10020	5566008,1334663,1664
r1-concepts-wbuh227025	16150785,3441497,13824
vaico-v101837	14750589,1352528,5816
melling-mpe242r	8312020,1024287,5332
moog-k8701	203597,1434768,13516
engine-pro-11481hx	15593680,1435969,5212
delphi-es20062	1323010,1381418,5132
pioneer-ca8814	4218009,1166701,5892
mopar-6rm20ug8aa	18525865,3450365,10042
bosch-sr7578n	501465,1372597,4152
r1-concepts-wguh145053	14171725,1430048,13824
gm-genuine-1573598	950667,1443538,10721
edelmann-8928	1871738,1286614,7396
ap-eastern-641344	2006308,1432792,5808
cardone-184962	969169,1424449,1704
four-seasons-tsp4531	7581516,1026201,17507
dash-designs-k035060k	6211116,1434768,1316
ina-zc1777	17386821,3359015,5756
itm-engine-components-70044	4798320,1210026,5728
eagle-eyes-ty919b001r	16648465,1434683,10762
apex-ahg848l	8188272,1359435,5412
mopar-55398726ac	18624121,1441410,11224
dorman-h621785	4198578,1503917,1792
gm-genuine-86811090	15540381,1501592,6628
gmb-1259190	14120777,3450654,2208
techpro-ch1320268	16919921,1502168,1304
power-stop-z36945	3794340,1381452,1684
uac-kt5867	12679017,3445350,17507
dash-designs-19251b	8961536,1093968,1284
dash-designs-11448v	12081477,1288245,1284
centric-13476011	4385334,3444676,1952
holstein-2abs1040	10553980,1447349,1912
dynamic-friction-651472012	14862709,1442650,13824
uac-ha112734c	9811728,3305930,6900
centric-15063375	1626802,1500941,1792
acc-12052180	5978475,1356713,1264
ultra-power-594073	11043860,1277096,5512
national-510072	447707,1433569,1672
mopar-68270479ab	11019880,3442235,10038
depo-4412111naq	12468565,1505290,849
acme-auto-651226qbsx	7292608,1346475,14287
fel-pro-ss72917	1021394,3000986,5800
fvp-395k4	13492477,1419702,8900
wai-global-380084	10599460,3305933,10217
gm-genuine-85769910	18037965,3459599,7512
gmb-34800292	10853956,1284229,5759
vemo-v51720044	11252220,1355149,1912
cardone-603429	3255105,1431428,2288
cardone-2c5048	13608957,3294213,1704
dea-marmon-ride-control-a6446	441756,1191574,5552
wai-global-380619	18657349,3437100,10217
elring-499760	10405280,1169276,5416
bca-ns710215	11705997,1288357,1860
prt-921153	16664241,3450954,15174
cardone-19p2982	6446298,1423033,1704
mevotech-gk80452	8017936,1357994,7580
dash-designs-k377050q	12161581,3312136,1316
gmb-1701840	7585964,1187456,2208
acc-20391182	6025125,1493040,1264
wai-global-88058	8622628,1434279,15596
fvp-662614	13448741,1375310,1896
power-stop-171308a	10323872,3307612,1684
bosch-0280218062	4212495,1371002,5128
continental-4060870	1335598,1504856,8900
cardone-18p5276	7959444,1446384,1704
dynamic-friction-60454169	11596673,1377828,1896
brembo-09n12511	10957372,1444991,1896
westar-em2809	228006,1182057,5552
ngk-2763	69486,1397314,7212
vemo-v15600009	12564165,1430749,2088
four-seasons-65974	15575877,3342441,6900
dash-designs-a256233cl	12339545,3443323,741
timken-np378971	1490696,1432338,2264
mevotech-cms401340	16519313,3451093,10401
dash-designs-a175613cl	12332545,1314143,741
ntk-24548	1644104,1314123,5132
ina-zc0286	11191545,1013342,5724
standard-motor-products-a442hd	2762866,1019797,2500
wells-5c1331	3447954,1391273,7060
terrepower-5030106	7043944,1027257,7416
gpd-1815518	15548005,1432343,1002125
mopar-68349757aa	9336872,3435469,7580
techpro-gm1225223	16995185,1431454,812
dash-designs-k345210g	12952153,1422953,1316
pioneer-747036	8358612,1210105,8500
techpro-ma1033109	16838513,1506101,690
mahle-clevite-ab309000s	17719237,1502803,6916
timken-ha590863	14027073,3446055,1636
dash-designs-k372091g	6253650,3310225,1316
various-mfr-ki1143142	18151213,3452808,689
quality-built-br74018g	14740965,3314497,1896
ultra-power-4040721	17711853,3306149,10321
r1-concepts-whuh159087	14476429,3452013,13824
davico-528721	6786776,1212781,10038
various-mfr-vw1248142	10823424,3443375,823
gsp-ncv53913	11383749,1445151,2288
techpro-ni1320221	17171441,1447029,1304
wells-1p1634	2875446,1061952,4132
